{
    "Accuracy (Test Set)": {
        "mean": 0.7716262975778547,
        "std": 0.0
    },
    "Precision (Lớp 1 'stego')": {
        "mean": 0.9101123595505619,
        "std": 1.1102230246251565e-16
    },
    "Recall (Lớp 1 'stego')": {
        "mean": 0.5827338129496403,
        "std": 0.0
    },
    "F1-Score (Lớp 1 'stego')": {
        "mean": 0.7105263157894738,
        "std": 1.1102230246251565e-16
    },
    "Thời gian Training (s)": {
        "mean": 151.28333333333333,
        "std": 47.621738966801935
    },
    "Bộ nhớ Training (mb)": {
        "mean": 0.58,
        "std": 0.06683312551921142
    }
}