{
    "Accuracy (Test Set)": {
        "mean": 0.5499999999999999,
        "std": 0.005773502691896263
    },
    "Precision (Lớp 1 'stego')": {
        "mean": 0.5431545857600281,
        "std": 0.007318910015591127
    },
    "Recall (Lớp 1 'stego')": {
        "mean": 0.6333333333333333,
        "std": 0.0305505046330389
    },
    "F1-Score (Lớp 1 'stego')": {
        "mean": 0.5844240362848824,
        "std": 0.00877526859100894
    },
    "Thời gian Training (s)": {
        "mean": 191.54,
        "std": 6.009816968926748
    },
    "Bộ nhớ Training (mb)": {
        "mean": 982.2033333333333,
        "std": 38.3376369587511
    }
}