{
    "Accuracy (Test Set)": {
        "mean": 0.6,
        "std": 0.008819171036882005
    },
    "Precision (Lớp 1 'stego')": {
        "mean": 0.5879307121584855,
        "std": 0.019388425083884664
    },
    "Recall (Lớp 1 'stego')": {
        "mean": 0.68,
        "std": 0.07571877794400361
    },
    "F1-Score (Lớp 1 'stego')": {
        "mean": 0.6284445799230075,
        "std": 0.024478599604329177
    },
    "Thời gian Training (s)": {
        "mean": 159.04,
        "std": 4.058324777540616
    },
    "Bộ nhớ Training (mb)": {
        "mean": 343.08666666666664,
        "std": 32.70855749392401
    }
}