epoch,accuracy,auc,duration,loss,ram_usage,val_accuracy,val_auc,val_loss
0,0.5487093925476074,0.5543843507766724,134.09230136871338,0.8698580861091614,1124.8671875,0.46179401874542236,0.5904856324195862,0.6810885667800903
1,0.5795170664787292,0.6360843181610107,138.10719394683838,0.6805721521377563,1329.56640625,0.6146179437637329,0.6471743583679199,0.6705260872840881
2,0.5770191550254822,0.6395660042762756,124.43805289268494,0.6576747298240662,1239.51171875,0.4518272280693054,0.5396246910095215,0.6936286687850952
3,0.5570358037948608,0.6246269941329956,121.55453896522522,0.6516092419624329,1203.5625,0.5847176313400269,0.6083223223686218,0.6617687344551086
4,0.6094920635223389,0.6698876619338989,148.56623768806458,0.6240874528884888,1348.4453125,0.5780730843544006,0.6159602403640747,0.6556415557861328
5,0.5961698293685913,0.6510884761810303,121.28112936019897,0.6262845396995544,1368.8203125,0.5382059812545776,0.6298233866691589,0.6381878852844238
