epoch,accuracy,auc,duration,loss,ram_usage,val_accuracy,val_auc,val_loss
0,0.9916666746139526,0.0,57.462966442108154,0.028178013861179352,1065.21484375,1.0,0.0,0.09626752883195877
1,1.0,0.0,79.9518780708313,0.0002860827371478081,1242.96875,1.0,0.0,0.02659429796040058
