epoch,accuracy,auc,duration,loss,ram_usage,val_accuracy,val_auc,val_loss
0,0.6278625726699829,0.6941903233528137,12.102010488510132,0.6062917709350586,3207.15625,0.6637167930603027,0.7176364660263062,0.6397426128387451
1,0.6297709941864014,0.715672492980957,6.243293762207031,0.5833848118782043,3207.3671875,0.6194690465927124,0.7096483707427979,0.603813111782074
2,0.6564885377883911,0.7573221921920776,6.124380350112915,0.5410441160202026,3231.015625,0.6327433586120605,0.7356488704681396,0.5508220195770264
3,0.6545801758766174,0.7634753584861755,6.217710494995117,0.5243494510650635,3261.61328125,0.6504424810409546,0.7617276310920715,0.5200517773628235
4,0.6793892979621887,0.7869734168052673,6.370477914810181,0.504886269569397,3272.01171875,0.6460176706314087,0.7580468654632568,0.5515566468238831
5,0.6851145029067993,0.7941299080848694,6.5312957763671875,0.49825817346572876,3292.2890625,0.6548672318458557,0.7744537591934204,0.48459792137145996
6,0.6889312863349915,0.8014811873435974,6.139731407165527,0.47586217522621155,3292.31640625,0.6814159154891968,0.8009633421897888,0.4685806930065155
