{
    "Accuracy (Test Set)": {
        "mean": 0.8096885813148789,
        "std": 0.0
    },
    "Precision (Lớp 1 'stego')": {
        "mean": 0.9375,
        "std": 0.0
    },
    "Recall (Lớp 1 'stego')": {
        "mean": 0.6474820143884892,
        "std": 0.0
    },
    "F1-Score (Lớp 1 'stego')": {
        "mean": 0.7659574468085107,
        "std": 1.1102230246251565e-16
    },
    "Thời gian Training (s)": {
        "mean": 416.74333333333334,
        "std": 13.939434071088478
    },
    "Bộ nhớ Training (mb)": {
        "mean": 0.13333333333333333,
        "std": 0.04784233364802442
    }
}