{
    "Accuracy (Test Set)": {
        "mean": 0.7612456747404844,
        "std": 0.0
    },
    "Precision (Lớp 1 'stego')": {
        "mean": 0.8977272727272728,
        "std": 1.1102230246251565e-16
    },
    "Recall (Lớp 1 'stego')": {
        "mean": 0.5683453237410072,
        "std": 0.0
    },
    "F1-Score (Lớp 1 'stego')": {
        "mean": 0.6960352422907489,
        "std": 0.0
    },
    "Thời gian Training (s)": {
        "mean": 25.60666666666667,
        "std": 9.52135261165952
    },
    "Bộ nhớ Training (mb)": {
        "mean": 1.86,
        "std": 0.406530031690977
    }
}