{
    "Accuracy (Test Set)": {
        "mean": 0.5629251700680272,
        "std": 0.06987292035433378
    },
    "Precision (Lớp 1 'stego')": {
        "mean": 0.5373186396095627,
        "std": 0.0798986175819266
    },
    "Recall (Lớp 1 'stego')": {
        "mean": 0.5510204081632653,
        "std": 0.25036416625276114
    },
    "F1-Score (Lớp 1 'stego')": {
        "mean": 0.5255583590318662,
        "std": 0.17706038676584326
    },
    "Thời gian Training (s)": {
        "mean": 48.93000000000001,
        "std": 13.479814538783538
    },
    "Bộ nhớ Training (mb)": {
        "mean": 1361.256666666667,
        "std": 420.51545118923855
    }
}