{
    "training_info": {
        "status": "Trained model (CNN_Keras_Tuner)",
        "model_class": "Sequential_CNN",
        "training_duration_seconds": 63.74,
        "training_memory_increase_mb": 1686.51,
        "all_model_params": {
            "epochs_run": 30,
            "batch_size": 16,
            "optimizer_config": {
                "name": "adam",
                "learning_rate": 6.25000029685907e-05,
                "weight_decay": null,
                "clipnorm": null,
                "global_clipnorm": null,
                "clipvalue": null,
                "use_ema": false,
                "ema_momentum": 0.99,
                "ema_overwrite_frequency": null,
                "loss_scale_factor": null,
                "gradient_accumulation_steps": null,
                "beta_1": 0.9,
                "beta_2": 0.999,
                "epsilon": 1e-07,
                "amsgrad": false
            },
            "loss_function": "binary_crossentropy",
            "model_architecture_params": {
                "filters_1": 32,
                "dropout_1": 0.30000000000000004,
                "filters_2": 96,
                "filters_3": 192,
                "dense_units": 128,
                "learning_rate": 0.001
            }
        }
    },
    "evaluation_results": {
        "train_set": {
            "accuracy": 0.9629156010230179,
            "classification_report": {
                "0": {
                    "precision": 0.9788359788359788,
                    "recall": 0.9462915601023018,
                    "f1-score": 0.9622886866059818,
                    "support": 391.0
                },
                "1": {
                    "precision": 0.948019801980198,
                    "recall": 0.979539641943734,
                    "f1-score": 0.9635220125786164,
                    "support": 391.0
                },
                "accuracy": 0.9629156010230179,
                "macro avg": {
                    "precision": 0.9634278904080884,
                    "recall": 0.9629156010230179,
                    "f1-score": 0.962905349592299,
                    "support": 782.0
                },
                "weighted avg": {
                    "precision": 0.9634278904080885,
                    "recall": 0.9629156010230179,
                    "f1-score": 0.9629053495922991,
                    "support": 782.0
                }
            },
            "prediction_duration_seconds": 2.6218
        },
        "test_set": {
            "accuracy": 0.6173469387755102,
            "classification_report": {
                "0": {
                    "precision": 0.6292134831460674,
                    "recall": 0.5714285714285714,
                    "f1-score": 0.5989304812834224,
                    "support": 98.0
                },
                "1": {
                    "precision": 0.6074766355140186,
                    "recall": 0.6632653061224489,
                    "f1-score": 0.6341463414634146,
                    "support": 98.0
                },
                "accuracy": 0.6173469387755102,
                "macro avg": {
                    "precision": 0.618345059330043,
                    "recall": 0.6173469387755102,
                    "f1-score": 0.6165384113734185,
                    "support": 196.0
                },
                "weighted avg": {
                    "precision": 0.618345059330043,
                    "recall": 0.6173469387755102,
                    "f1-score": 0.6165384113734186,
                    "support": 196.0
                }
            },
            "prediction_duration_seconds": 0.7086
        }
    },
    "run_info": {
        "timestamp": "2025-11-24T09:56:16.275908",
        "execution_duration_seconds": 362.27
    }
}