{
    "Accuracy (Test Set)": {
        "mean": 0.5544444444444444,
        "std": 0.007777777777777772
    },
    "Precision (Lớp 1 'stego')": {
        "mean": 0.549604938271605,
        "std": 0.006395061728395102
    },
    "Recall (Lớp 1 'stego')": {
        "mean": 0.6022222222222222,
        "std": 0.015555555555555545
    },
    "F1-Score (Lớp 1 'stego')": {
        "mean": 0.5746828609986505,
        "std": 0.01058029689608636
    },
    "Thời gian Training (s)": {
        "mean": 54.525,
        "std": 7.545000000000002
    },
    "Bộ nhớ Training (mb)": {
        "mean": 854.155,
        "std": 70.72500000000002
    }
}