epoch,accuracy,auc,duration,loss,ram_usage,val_accuracy,val_auc,val_loss
0,0.6211490631103516,0.6887631416320801,111.59196472167969,0.7233257293701172,1129.63671875,0.644518256187439,0.7140176296234131,0.6564851403236389
1,0.6378018260002136,0.7215862274169922,144.39093470573425,0.6081342101097107,1381.2109375,0.48172757029533386,0.640750527381897,0.6562759280204773
2,0.6619483828544617,0.7551053166389465,108.15990948677063,0.5378580689430237,1410.1796875,0.52491694688797,0.6040617823600769,0.6352366805076599
3,0.6402997374534607,0.7452357411384583,137.3876531124115,0.5355849266052246,1380.51171875,0.4916943609714508,0.5714569091796875,0.6440417170524597
