{
    "training_info": {
        "status": "Trained with Keras Tuner",
        "model_class": "Sequential_CNN",
        "tuner_trials": 10,
        "tuner_executions_per_trial": 1,
        "best_hyperparameters": {
            "filters_1": 64,
            "filters_2": 128,
            "dense_units": 128,
            "dropout": 0.3,
            "learning_rate": 1e-05
        },
        "training_duration_seconds": 63.92,
        "training_memory_increase_mb": 1277.06
    },
    "evaluation_results": {
        "train_set": {
            "accuracy": 0.7516666666666667,
            "classification_report": {
                "0": {
                    "precision": 0.7233727810650887,
                    "recall": 0.815,
                    "f1-score": 0.7664576802507836,
                    "support": 600.0
                },
                "1": {
                    "precision": 0.7881679389312977,
                    "recall": 0.6883333333333334,
                    "f1-score": 0.7348754448398577,
                    "support": 600.0
                },
                "accuracy": 0.7516666666666667,
                "macro avg": {
                    "precision": 0.7557703599981932,
                    "recall": 0.7516666666666667,
                    "f1-score": 0.7506665625453206,
                    "support": 1200.0
                },
                "weighted avg": {
                    "precision": 0.7557703599981932,
                    "recall": 0.7516666666666667,
                    "f1-score": 0.7506665625453206,
                    "support": 1200.0
                }
            },
            "prediction_duration_seconds": 2.2036
        },
        "test_set": {
            "accuracy": 0.53,
            "classification_report": {
                "0": {
                    "precision": 0.5298013245033113,
                    "recall": 0.5333333333333333,
                    "f1-score": 0.53156146179402,
                    "support": 150.0
                },
                "1": {
                    "precision": 0.5302013422818792,
                    "recall": 0.5266666666666666,
                    "f1-score": 0.5284280936454849,
                    "support": 150.0
                },
                "accuracy": 0.53,
                "macro avg": {
                    "precision": 0.5300013333925953,
                    "recall": 0.53,
                    "f1-score": 0.5299947777197525,
                    "support": 300.0
                },
                "weighted avg": {
                    "precision": 0.5300013333925953,
                    "recall": 0.53,
                    "f1-score": 0.5299947777197525,
                    "support": 300.0
                }
            },
            "prediction_duration_seconds": 0.5017
        }
    },
    "run_info": {
        "timestamp": "2025-11-05T08:19:19.541665",
        "total_duration_seconds": 481.49
    }
}