epoch,accuracy,auc,duration,loss,ram_usage,val_accuracy,val_auc,val_loss
0,0.6153205633163452,0.6836841702461243,126.61421847343445,0.7634119987487793,1311.28125,0.564784049987793,0.6910595893859863,0.65838623046875
