epoch,accuracy,auc,duration,loss,ram_usage,val_accuracy,val_auc,val_loss
0,0.6253122687339783,0.6953827142715454,207.98701333999634,0.6818839907646179,1107.0859375,0.7009966969490051,0.7863576412200928,0.6190946698188782
1,0.6519566774368286,0.7487548589706421,190.70111966133118,0.5447054505348206,1241.25,0.6112957000732422,0.724348783493042,0.6211304664611816
2,0.6261448860168457,0.7336674928665161,184.16398167610168,0.5596274137496948,1390.3515625,0.7009966969490051,0.750220775604248,0.5907801985740662
3,0.6378018260002136,0.7421686053276062,206.70496153831482,0.5356084704399109,1406.8125,0.514950156211853,0.627571702003479,0.6107482314109802
