{
    "Accuracy (Test Set)": {
        "mean": 0.7993079584775087,
        "std": 0.003460207612456745
    },
    "Precision (Lớp 1 'stego')": {
        "mean": 0.7590652380219421,
        "std": 0.0009635406205251232
    },
    "Recall (Lớp 1 'stego')": {
        "mean": 0.8537170263788969,
        "std": 0.010989390155769392
    },
    "F1-Score (Lớp 1 'stego')": {
        "mean": 0.8035898914738505,
        "std": 0.004740073239019909
    },
    "Thời gian Training (s)": {
        "mean": 251.12333333333333,
        "std": 35.28274696410887
    },
    "Bộ nhớ Training (mb)": {
        "mean": 1482.756666666667,
        "std": 248.33621289158242
    }
}