{
    "Accuracy (Test Set)": {
        "mean": 0.5755555555555556,
        "std": 0.0530780929444275
    },
    "Precision (Lớp 1 'stego')": {
        "mean": 0.5919511720649743,
        "std": 0.07377181056058278
    },
    "Recall (Lớp 1 'stego')": {
        "mean": 0.5244444444444444,
        "std": 0.008314794192830984
    },
    "F1-Score (Lớp 1 'stego')": {
        "mean": 0.554412053769922,
        "std": 0.03492008861291372
    },
    "Thời gian Training (s)": {
        "mean": 53.123333333333335,
        "std": 7.710669375756053
    },
    "Bộ nhớ Training (mb)": {
        "mean": 1261.03,
        "std": 96.83672478283567
    }
}