{
    "Accuracy (Test Set)": {
        "mean": 0.5766666666666667,
        "std": 0.0
    },
    "Precision (Lớp 1 'stego')": {
        "mean": 0.5649717514124294,
        "std": 0.0
    },
    "Recall (Lớp 1 'stego')": {
        "mean": 0.6666666666666666,
        "std": 0.0
    },
    "F1-Score (Lớp 1 'stego')": {
        "mean": 0.6116207951070336,
        "std": 0.0
    },
    "Thời gian Training (s)": {
        "mean": 371.21000000000004,
        "std": 2.0037132196665954
    },
    "Bộ nhớ Training (mb)": {
        "mean": 0.22333333333333336,
        "std": 0.21171259344267224
    }
}